{
  "bids_meta": {
    "modality": "T1w",
    "subject_id": "11"
  },
  "cjv": 0.3307471258920197,
  "cnr": 3.858659227578011,
  "efc": 0.7657412769226656,
  "fber": 2323.95849609375,
  "fwhm_avg": 4.030588,
  "fwhm_x": 3.90514,
  "fwhm_y": 4.382528,
  "fwhm_z": 3.804096,
  "icvs_csf": 0.25873995247683357,
  "icvs_gm": 0.3476714957482717,
  "icvs_wm": 0.39358855177489477,
  "inu_med": 1.1407209634780884,
  "inu_range": 0.4081497192382808,
  "provenance": {
    "md5sum": "fa33387c4df15f8daa4a255c6ccce758",
    "mriqc_pred": 0,
    "settings": {
      "testing": false
    },
    "software": "mriqc",
    "version": "0.9.6",
    "warnings": {
      "large_rot_frame": true,
      "small_air_mask": false
    }
  },
  "qi_1": 0.0,
  "qi_2": 2.9087513223764594e-06,
  "rpve_csf": 16.943320010413817,
  "rpve_gm": 11.253416595613167,
  "rpve_wm": 14.117986688987349,
  "size_x": 160,
  "size_y": 256,
  "size_z": 256,
  "snr_csf": 2.829508314681652,
  "snr_gm": 7.46825495402819,
  "snr_total": 9.370674339228978,
  "snr_wm": 17.814259748977097,
  "snrd_csf": 23.684431281973925,
  "snrd_gm": 49.58022718704829,
  "snrd_total": 51.353076021327745,
  "snrd_wm": 80.79456959496102,
  "spacing_x": 1.0,
  "spacing_y": 0.9375,
  "spacing_z": 0.9375,
  "summary_bg_k": 3.9614292846670125,
  "summary_bg_mad": 8.10873031616211,
  "summary_bg_mean": 13.024389266967773,
  "summary_bg_median": 10.642897605895996,
  "summary_bg_n": 402794.0,
  "summary_bg_p05": 0.0,
  "summary_bg_p95": 33.0709831237793,
  "summary_bg_stdv": 11.068090438842773,
  "summary_csf_k": 0.7826879161412044,
  "summary_csf_mad": 99.40095520019531,
  "summary_csf_mean": 285.5502014160156,
  "summary_csf_median": 293.1460876464844,
  "summary_csf_n": 6477.0,
  "summary_csf_p05": 100.91897277832032,
  "summary_csf_p95": 440.17529296875,
  "summary_csf_stdv": 103.5951919555664,
  "summary_gm_k": 0.21213866490910727,
  "summary_gm_mad": 77.5520248413086,
  "summary_gm_mean": 616.189453125,
  "summary_gm_median": 613.66259765625,
  "summary_gm_n": 10715.0,
  "summary_gm_p05": 483.0767333984375,
  "summary_gm_p95": 757.3949035644531,
  "summary_gm_stdv": 82.16564178466797,
  "summary_wm_k": 1.146176375616415,
  "summary_wm_mad": 50.23048400878906,
  "summary_wm_mean": 997.6320190429688,
  "summary_wm_median": 1000.0076293945312,
  "summary_wm_n": 276272.0,
  "summary_wm_p05": 901.0533264160156,
  "summary_wm_p95": 1083.6294921875,
  "summary_wm_stdv": 56.1351318359375,
  "tpm_overlap_csf": 0.16756069660186768,
  "tpm_overlap_gm": 0.4463580250740051,
  "tpm_overlap_wm": 0.5754980444908142,
  "wm2max": 0.5371100918833639
}