{
  "bids_meta": {
    "modality": "T1w",
    "subject_id": "03"
  },
  "cjv": 0.28887352001940036,
  "cnr": 4.472408999781838,
  "efc": 0.7118771632914508,
  "fber": 2839.975341796875,
  "fwhm_avg": 4.192555111111111,
  "fwhm_x": 4.13246,
  "fwhm_y": 4.508672000000001,
  "fwhm_z": 3.9365333333333337,
  "icvs_csf": 0.258067561371049,
  "icvs_gm": 0.37324570634202614,
  "icvs_wm": 0.36868673228692483,
  "inu_med": 1.2210345268249512,
  "inu_range": 0.4133303165435791,
  "provenance": {
    "md5sum": "35692b02a33839078f59ca7e25fd070c",
    "mriqc_pred": 0,
    "settings": {
      "testing": false
    },
    "software": "mriqc",
    "version": "0.9.6",
    "warnings": {
      "large_rot_frame": true,
      "small_air_mask": false
    }
  },
  "qi_1": 0.0,
  "qi_2": 2.8650297722478254e-06,
  "rpve_csf": 18.9121192029998,
  "rpve_gm": 12.161098937225718,
  "rpve_wm": 17.185243478318252,
  "size_x": 160,
  "size_y": 256,
  "size_z": 256,
  "snr_csf": 1.2903778052889476,
  "snr_gm": 7.339528529849771,
  "snr_total": 9.261718017895978,
  "snr_wm": 19.155247718549212,
  "snrd_csf": 21.838268849773925,
  "snrd_gm": 53.085559755130035,
  "snrd_total": 55.713761373318086,
  "snrd_wm": 92.2174555150503,
  "spacing_x": 1.0,
  "spacing_y": 0.9375,
  "spacing_z": 0.9375,
  "summary_bg_k": 44.09240121917537,
  "summary_bg_mad": 7.104264736175537,
  "summary_bg_mean": 11.78378677368164,
  "summary_bg_median": 9.0252685546875,
  "summary_bg_n": 594993.0,
  "summary_bg_p05": 0.0,
  "summary_bg_p95": 31.72843551635743,
  "summary_bg_stdv": 11.21353530883789,
  "summary_csf_k": 92.05313437292814,
  "summary_csf_mad": 120.39259338378906,
  "summary_csf_mean": 231.2716827392578,
  "summary_csf_median": 236.81304931640625,
  "summary_csf_n": 7644.0,
  "summary_csf_p05": 38.34861450195312,
  "summary_csf_p95": 385.6535064697263,
  "summary_csf_stdv": 183.51025390625,
  "summary_gm_k": 0.15067658087098534,
  "summary_gm_mad": 75.87921142578125,
  "summary_gm_mean": 575.6942749023438,
  "summary_gm_median": 575.6570434570312,
  "summary_gm_n": 13810.0,
  "summary_gm_p05": 446.6521453857422,
  "summary_gm_p95": 705.7083984374999,
  "summary_gm_stdv": 78.4295883178711,
  "summary_wm_k": 1.1811027449148073,
  "summary_wm_mad": 46.70260238647461,
  "summary_wm_mean": 997.0305786132812,
  "summary_wm_median": 1000.0012817382812,
  "summary_wm_n": 227567.0,
  "summary_wm_p05": 906.3567321777343,
  "summary_wm_p95": 1076.3760498046875,
  "summary_wm_stdv": 52.2049674987793,
  "tpm_overlap_csf": 0.205846905708313,
  "tpm_overlap_gm": 0.4886550009250641,
  "tpm_overlap_wm": 0.5823965072631836,
  "wm2max": 0.5433500062836888
}