{
  "bids_meta": {
    "modality": "T1w",
    "subject_id": "06"
  },
  "cjv": 0.2854693673041934,
  "cnr": 4.245294190408256,
  "efc": 0.7363390639089308,
  "fber": 2033.7454833984375,
  "fwhm_avg": 3.952369555555556,
  "fwhm_x": 3.85169,
  "fwhm_y": 4.393792,
  "fwhm_z": 3.6116266666666665,
  "icvs_csf": 0.25899276628395373,
  "icvs_gm": 0.37098692140470696,
  "icvs_wm": 0.3700203123113393,
  "inu_med": 1.2195032835006714,
  "inu_range": 0.48738135099411006,
  "provenance": {
    "md5sum": "4877290e61fe253185da41144069bef0",
    "mriqc_pred": 0,
    "settings": {
      "testing": false
    },
    "software": "mriqc",
    "version": "0.9.6",
    "warnings": {
      "large_rot_frame": true,
      "small_air_mask": true
    }
  },
  "qi_1": 0.0,
  "qi_2": 1.822655100034091e-05,
  "rpve_csf": 16.771318589910933,
  "rpve_gm": 10.77661033250316,
  "rpve_wm": 14.994078500924244,
  "size_x": 160,
  "size_y": 256,
  "size_z": 256,
  "snr_csf": 2.178167431630369,
  "snr_gm": 7.287340718318689,
  "snr_total": 9.148890261621922,
  "snr_wm": 17.98116263491671,
  "snrd_csf": 20.189860469751192,
  "snrd_gm": 46.61585811889559,
  "snrd_total": 48.88551109671471,
  "snrd_wm": 79.85081470149733,
  "spacing_x": 1.0,
  "spacing_y": 0.9375,
  "spacing_z": 0.9375,
  "summary_bg_k": 26.83285046145676,
  "summary_bg_mad": 8.204482078552246,
  "summary_bg_mean": 10.12103271484375,
  "summary_bg_median": 5.7114644050598145,
  "summary_bg_n": 257163.0,
  "summary_bg_p05": 0.0,
  "summary_bg_p95": 28.240211105346678,
  "summary_bg_stdv": 10.103178977966309,
  "summary_csf_k": 0.8125358613912388,
  "summary_csf_mad": 117.63773345947266,
  "summary_csf_mean": 238.25479125976562,
  "summary_csf_median": 252.8440704345703,
  "summary_csf_n": 6367.0,
  "summary_csf_p05": 40.81777267456055,
  "summary_csf_p95": 399.9425231933593,
  "summary_csf_stdv": 116.07198333740234,
  "summary_gm_k": 0.46336086693420775,
  "summary_gm_mad": 71.02003479003906,
  "summary_gm_mean": 585.7440185546875,
  "summary_gm_median": 583.7852783203125,
  "summary_gm_n": 13587.0,
  "summary_gm_p05": 453.73283081054694,
  "summary_gm_p95": 724.7800537109375,
  "summary_gm_stdv": 80.10655975341797,
  "summary_wm_k": 1.87995202459064,
  "summary_wm_mad": 47.79573440551758,
  "summary_wm_mean": 996.4428100585938,
  "summary_wm_median": 999.9972534179688,
  "summary_wm_n": 246791.0,
  "summary_wm_p05": 898.3469543457031,
  "summary_wm_p95": 1078.6651000976562,
  "summary_wm_stdv": 55.61349105834961,
  "tpm_overlap_csf": 0.1813897341489792,
  "tpm_overlap_gm": 0.45854294300079346,
  "tpm_overlap_wm": 0.554466187953949,
  "wm2max": 0.512012484504698
}