{
  "bids_meta": {
    "modality": "T1w",
    "subject_id": "04"
  },
  "cjv": 0.2993482999537749,
  "cnr": 4.13743335268801,
  "efc": 0.7379203902166512,
  "fber": 2123.054931640625,
  "fwhm_avg": 3.950906666666667,
  "fwhm_x": 3.8532,
  "fwhm_y": 4.396704,
  "fwhm_z": 3.602816,
  "icvs_csf": 0.2847654814376102,
  "icvs_gm": 0.35412949881150996,
  "icvs_wm": 0.3611050197508798,
  "inu_med": 1.194053292274475,
  "inu_range": 0.4381915926933282,
  "provenance": {
    "md5sum": "897a1085a8f26793f1cf6e9bf1b0bc76",
    "mriqc_pred": 0,
    "settings": {
      "testing": false
    },
    "software": "mriqc",
    "version": "0.9.6",
    "warnings": {
      "large_rot_frame": true,
      "small_air_mask": true
    }
  },
  "qi_1": 0.0,
  "qi_2": 7.83952156474412e-06,
  "rpve_csf": 16.835635307452996,
  "rpve_gm": 11.779324502294106,
  "rpve_wm": 16.135486680542233,
  "size_x": 160,
  "size_y": 256,
  "size_z": 256,
  "snr_csf": 2.4265709990575424,
  "snr_gm": 7.306191889770045,
  "snr_total": 8.983046824389728,
  "snr_wm": 17.216377584341597,
  "snrd_csf": 24.02934364275833,
  "snrd_gm": 51.05789101922062,
  "snrd_total": 53.99757179771341,
  "snrd_wm": 86.90548073116128,
  "spacing_x": 1.0,
  "spacing_y": 0.9375,
  "spacing_z": 0.9375,
  "summary_bg_k": 5.6877642370145125,
  "summary_bg_mad": 7.538495063781738,
  "summary_bg_mean": 10.851700782775879,
  "summary_bg_median": 10.105907440185547,
  "summary_bg_n": 288047.0,
  "summary_bg_p05": 0.0,
  "summary_bg_p95": 30.438650321960456,
  "summary_bg_stdv": 9.995599746704102,
  "summary_csf_k": 101.59831799619103,
  "summary_csf_mad": 81.63506317138672,
  "summary_csf_mean": 269.509521484375,
  "summary_csf_median": 276.49981689453125,
  "summary_csf_n": 11046.0,
  "summary_csf_p05": 85.38958168029785,
  "summary_csf_p95": 399.9742889404297,
  "summary_csf_stdv": 113.94156646728516,
  "summary_gm_k": 0.5520275086077531,
  "summary_gm_mad": 72.456298828125,
  "summary_gm_mean": 588.9479370117188,
  "summary_gm_median": 587.5107421875,
  "summary_gm_n": 16232.0,
  "summary_gm_p05": 459.33982849121094,
  "summary_gm_p95": 727.9394714355469,
  "summary_gm_stdv": 80.41024017333984,
  "summary_wm_k": 1.2374675753358364,
  "summary_wm_mad": 51.021732330322266,
  "summary_wm_mean": 996.0064697265625,
  "summary_wm_median": 1000.000244140625,
  "summary_wm_n": 220240.0,
  "summary_wm_p05": 892.4743103027345,
  "summary_wm_p95": 1083.2528259277342,
  "summary_wm_stdv": 58.084110260009766,
  "tpm_overlap_csf": 0.17251229286193848,
  "tpm_overlap_gm": 0.4450538754463196,
  "tpm_overlap_wm": 0.5396442413330078,
  "wm2max": 0.5705046619577899
}