{
  "bids_meta": {
    "modality": "T1w",
    "subject_id": "10"
  },
  "cjv": 0.3103736378067936,
  "cnr": 4.10488899494796,
  "efc": 0.7977360960652948,
  "fber": 946.7733154296875,
  "fwhm_avg": 4.073754888888889,
  "fwhm_x": 4.02599,
  "fwhm_y": 4.41744,
  "fwhm_z": 3.7778346666666667,
  "icvs_csf": 0.26653880419629417,
  "icvs_gm": 0.3598335808126622,
  "icvs_wm": 0.37362761499104363,
  "inu_med": 1.342705488204956,
  "inu_range": 0.40957877635955775,
  "provenance": {
    "md5sum": "412b024a6b443b9460422bb60505d997",
    "mriqc_pred": 0,
    "settings": {
      "testing": false
    },
    "software": "mriqc",
    "version": "0.9.6",
    "warnings": {
      "large_rot_frame": true,
      "small_air_mask": true
    }
  },
  "qi_1": 0.0,
  "qi_2": 2.0602636283640376e-06,
  "rpve_csf": 16.019114151940233,
  "rpve_gm": 10.780063540491303,
  "rpve_wm": 14.56953355952701,
  "size_x": 160,
  "size_y": 256,
  "size_z": 256,
  "snr_csf": 1.8892205256793952,
  "snr_gm": 7.493605789151074,
  "snr_total": 8.765242870649487,
  "snr_wm": 16.912902297117995,
  "snrd_csf": 12.167185115493645,
  "snrd_gm": 26.58661592602616,
  "snrd_total": 27.919057842194288,
  "snrd_wm": 45.00337248506305,
  "spacing_x": 1.0,
  "spacing_y": 0.9375,
  "spacing_z": 0.9375,
  "summary_bg_k": 62.49382975181361,
  "summary_bg_mad": 14.557847023010254,
  "summary_bg_mean": 17.318561553955078,
  "summary_bg_median": 15.45272159576416,
  "summary_bg_n": 275543.0,
  "summary_bg_p05": 0.0,
  "summary_bg_p95": 42.29218940734862,
  "summary_bg_stdv": 15.10150146484375,
  "summary_csf_k": 97.52692194623222,
  "summary_csf_mad": 105.55713653564453,
  "summary_csf_mean": 259.1083984375,
  "summary_csf_median": 270.3681640625,
  "summary_csf_n": 14659.0,
  "summary_csf_p05": 61.34766273498536,
  "summary_csf_p95": 413.0298461914062,
  "summary_csf_stdv": 143.1060791015625,
  "summary_gm_k": 0.32590532706542996,
  "summary_gm_mad": 73.56626892089844,
  "summary_gm_mean": 593.8014526367188,
  "summary_gm_median": 590.78369140625,
  "summary_gm_n": 16706.0,
  "summary_gm_p05": 468.5888366699219,
  "summary_gm_p95": 729.8443145751953,
  "summary_gm_stdv": 78.83601379394531,
  "summary_wm_k": 0.9178470334819111,
  "summary_wm_mad": 53.45118713378906,
  "summary_wm_mean": 997.8935546875,
  "summary_wm_median": 1000.024169921875,
  "summary_wm_n": 269870.0,
  "summary_wm_p05": 895.9481384277344,
  "summary_wm_p95": 1090.4064392089845,
  "summary_wm_stdv": 59.127777099609375,
  "tpm_overlap_csf": 0.19320090115070343,
  "tpm_overlap_gm": 0.46191713213920593,
  "tpm_overlap_wm": 0.556999683380127,
  "wm2max": 0.5221574312911352
}