{
  "bids_meta": {
    "modality": "T1w",
    "subject_id": "01"
  },
  "cjv": 0.2720257539671928,
  "cnr": 4.370556919126174,
  "efc": 0.7381760955310764,
  "fber": 1911.595947265625,
  "fwhm_avg": 3.9918293333333335,
  "fwhm_x": 3.87632,
  "fwhm_y": 4.425344,
  "fwhm_z": 3.673824,
  "icvs_csf": 0.28557243216979017,
  "icvs_gm": 0.353334614010941,
  "icvs_wm": 0.3610929538192688,
  "inu_med": 1.0661360025405884,
  "inu_range": 0.47083638906478864,
  "provenance": {
    "md5sum": "6c0440eb906ebec10a400e852904e3d4",
    "mriqc_pred": 0,
    "settings": {
      "testing": false
    },
    "software": "mriqc",
    "version": "0.9.6",
    "warnings": {
      "large_rot_frame": true,
      "small_air_mask": false
    }
  },
  "qi_1": 0.0,
  "qi_2": 9.528065163192574e-07,
  "rpve_csf": 18.5940584825528,
  "rpve_gm": 13.092912046635252,
  "rpve_wm": 17.746414865511678,
  "size_x": 160,
  "size_y": 256,
  "size_z": 256,
  "snr_csf": 3.107479905434127,
  "snr_gm": 7.081076585862865,
  "snr_total": 9.616414667725083,
  "snr_wm": 18.66068751187826,
  "snrd_csf": 21.678345108323406,
  "snrd_gm": 42.070493479604785,
  "snrd_total": 45.813510408093656,
  "snrd_wm": 73.69169263635278,
  "spacing_x": 1.0,
  "spacing_y": 0.9375,
  "spacing_z": 0.9375,
  "summary_bg_k": 879.9113013584893,
  "summary_bg_mad": 8.890254974365234,
  "summary_bg_mean": 10.023292541503906,
  "summary_bg_median": 6.062053680419922,
  "summary_bg_n": 461586.0,
  "summary_bg_p05": 0.0,
  "summary_bg_p95": 25.015052318572998,
  "summary_bg_stdv": 16.373119354248047,
  "summary_csf_k": 0.6661667720655959,
  "summary_csf_mad": 85.7777328491211,
  "summary_csf_mean": 286.7691955566406,
  "summary_csf_median": 294.17694091796875,
  "summary_csf_n": 9149.0,
  "summary_csf_p05": 110.99893341064453,
  "summary_csf_p95": 427.47232666015634,
  "summary_csf_stdv": 94.66219329833984,
  "summary_gm_k": 0.7895010243560283,
  "summary_gm_mad": 69.72601318359375,
  "summary_gm_mean": 576.825439453125,
  "summary_gm_median": 570.9000854492188,
  "summary_gm_n": 11167.0,
  "summary_gm_p05": 452.8212371826172,
  "summary_gm_p95": 725.1970275878906,
  "summary_gm_stdv": 80.61973571777344,
  "summary_wm_k": 1.559199663165451,
  "summary_wm_mad": 47.00086212158203,
  "summary_wm_mean": 995.521240234375,
  "summary_wm_median": 1000.0023803710938,
  "summary_wm_n": 208249.0,
  "summary_wm_p05": 899.4561767578125,
  "summary_wm_p95": 1073.7648193359373,
  "summary_wm_stdv": 53.588592529296875,
  "tpm_overlap_csf": 0.15477892756462097,
  "tpm_overlap_gm": 0.43597695231437683,
  "tpm_overlap_wm": 0.5622189044952393,
  "wm2max": 0.6189359509465095
}