{
  "bids_meta": {
    "modality": "T1w",
    "subject_id": "09"
  },
  "cjv": 0.31855137770971037,
  "cnr": 4.07938921489316,
  "efc": 0.7671166843254081,
  "fber": 1060.4356689453125,
  "fwhm_avg": 4.082390888888889,
  "fwhm_x": 4.03721,
  "fwhm_y": 4.439157333333333,
  "fwhm_z": 3.7708053333333336,
  "icvs_csf": 0.26319667341643405,
  "icvs_gm": 0.3892296577427294,
  "icvs_wm": 0.34757366884083657,
  "inu_med": 1.4033805131912231,
  "inu_range": 0.4350281894207002,
  "provenance": {
    "md5sum": "3d4d89665aaab55fe05b5551bb3f05df",
    "mriqc_pred": 0,
    "settings": {
      "testing": false
    },
    "software": "mriqc",
    "version": "0.9.6",
    "warnings": {
      "large_rot_frame": true,
      "small_air_mask": false
    }
  },
  "qi_1": 0.0,
  "qi_2": 2.330780453197193e-06,
  "rpve_csf": 17.9469273113823,
  "rpve_gm": 11.4484650539191,
  "rpve_wm": 16.948628274638143,
  "size_x": 160,
  "size_y": 256,
  "size_z": 256,
  "snr_csf": 2.2382125843826564,
  "snr_gm": 7.378668967191915,
  "snr_total": 8.579570312247016,
  "snr_wm": 16.121829385166482,
  "snrd_csf": 18.35890980210866,
  "snrd_gm": 42.705406131268425,
  "snrd_total": 44.65931799821933,
  "snrd_wm": 72.91363806128089,
  "spacing_x": 1.0,
  "spacing_y": 0.9375,
  "spacing_z": 0.9375,
  "summary_bg_k": 11.182252140629418,
  "summary_bg_mad": 8.985265731811523,
  "summary_bg_mean": 15.560296058654785,
  "summary_bg_median": 11.3168306350708,
  "summary_bg_n": 326530.0,
  "summary_bg_p05": 0.0,
  "summary_bg_p95": 37.96283512115478,
  "summary_bg_stdv": 12.910698890686035,
  "summary_csf_k": -0.7135085680960667,
  "summary_csf_mad": 119.44337463378906,
  "summary_csf_mean": 236.89817810058594,
  "summary_csf_median": 251.79441833496094,
  "summary_csf_n": 7764.0,
  "summary_csf_p05": 45.7227466583252,
  "summary_csf_p95": 405.2608245849609,
  "summary_csf_stdv": 112.4907455444336,
  "summary_gm_k": 0.10287414784581062,
  "summary_gm_mad": 77.05197143554688,
  "summary_gm_mean": 587.1098022460938,
  "summary_gm_median": 585.709228515625,
  "summary_gm_n": 13327.0,
  "summary_gm_p05": 457.95693054199216,
  "summary_gm_p95": 722.2414184570312,
  "summary_gm_stdv": 79.375732421875,
  "summary_wm_k": 1.5217447823354044,
  "summary_wm_mad": 54.92677688598633,
  "summary_wm_mean": 1000.248291015625,
  "summary_wm_median": 1000.0183715820312,
  "summary_wm_n": 202395.0,
  "summary_wm_p05": 898.3462097167968,
  "summary_wm_p95": 1101.4925048828125,
  "summary_wm_stdv": 62.0286865234375,
  "tpm_overlap_csf": 0.18933221697807312,
  "tpm_overlap_gm": 0.47118619084358215,
  "tpm_overlap_wm": 0.5463811755180359,
  "wm2max": 0.5428741975751872
}