{
  "bids_meta": {
    "modality": "T1w",
    "subject_id": "02"
  },
  "cjv": 0.28458683681890146,
  "cnr": 4.302671147084016,
  "efc": 0.7059000225891452,
  "fber": 2949.412353515625,
  "fwhm_avg": 4.085876666666667,
  "fwhm_x": 3.98947,
  "fwhm_y": 4.484544,
  "fwhm_z": 3.7836160000000003,
  "icvs_csf": 0.281996576420864,
  "icvs_gm": 0.3431808714683447,
  "icvs_wm": 0.3748225521107913,
  "inu_med": 1.285430908203125,
  "inu_range": 0.5230638027191163,
  "provenance": {
    "md5sum": "c9f9e3c114c57d8b1f4200ee8620bb9c",
    "mriqc_pred": 0,
    "settings": {
      "testing": false
    },
    "software": "mriqc",
    "version": "0.9.6",
    "warnings": {
      "large_rot_frame": true,
      "small_air_mask": false
    }
  },
  "qi_1": 9.212817398010822e-06,
  "qi_2": 2.0360895649558302e-06,
  "rpve_csf": 16.674671993170048,
  "rpve_gm": 11.797806749188121,
  "rpve_wm": 15.437244910817931,
  "size_x": 160,
  "size_y": 256,
  "size_z": 256,
  "snr_csf": 2.5985886725647647,
  "snr_gm": 7.486902708200516,
  "snr_total": 9.405329244505674,
  "snr_wm": 18.130496352751745,
  "snrd_csf": 27.86414732785236,
  "snrd_gm": 63.17051001947844,
  "snrd_total": 66.27115460535192,
  "snrd_wm": 107.778806468725,
  "spacing_x": 1.0,
  "spacing_y": 0.9375,
  "spacing_z": 0.9375,
  "summary_bg_k": 34.124675598199914,
  "summary_bg_mad": 6.0785017013549805,
  "summary_bg_mean": 9.387588500976562,
  "summary_bg_median": 8.115077018737793,
  "summary_bg_n": 548392.0,
  "summary_bg_p05": 0.0,
  "summary_bg_p95": 25.7257807731628,
  "summary_bg_stdv": 9.108133316040039,
  "summary_csf_k": 0.0690804078396301,
  "summary_csf_mad": 89.54459381103516,
  "summary_csf_mean": 244.1049041748047,
  "summary_csf_median": 258.52978515625,
  "summary_csf_n": 10715.0,
  "summary_csf_p05": 50.92658615112305,
  "summary_csf_p95": 381.6413818359375,
  "summary_csf_stdv": 99.48389434814453,
  "summary_gm_k": 0.5318827060234348,
  "summary_gm_mad": 69.2840576171875,
  "summary_gm_mean": 588.4625854492188,
  "summary_gm_median": 586.110107421875,
  "summary_gm_n": 11680.0,
  "summary_gm_p05": 461.7914443969726,
  "summary_gm_p95": 726.3527252197265,
  "summary_gm_stdv": 78.2813720703125,
  "summary_wm_k": 1.1522807927097496,
  "summary_wm_mad": 48.502376556396484,
  "summary_wm_mean": 996.5126342773438,
  "summary_wm_median": 999.995849609375,
  "summary_wm_n": 252210.0,
  "summary_wm_p05": 899.125570678711,
  "summary_wm_p95": 1079.6294738769532,
  "summary_wm_stdv": 55.15534973144531,
  "tpm_overlap_csf": 0.18186306953430176,
  "tpm_overlap_gm": 0.4450957477092743,
  "tpm_overlap_wm": 0.5603360533714294,
  "wm2max": 0.5364941666437076
}