{
  "bids_meta": {
    "modality": "T1w",
    "subject_id": "05"
  },
  "cjv": 0.3192335167044881,
  "cnr": 3.9842160718353807,
  "efc": 0.7221943824639916,
  "fber": 2202.600341796875,
  "fwhm_avg": 4.126122222222222,
  "fwhm_x": 4.02354,
  "fwhm_y": 4.574688,
  "fwhm_z": 3.7801386666666668,
  "icvs_csf": 0.25508055580700967,
  "icvs_gm": 0.3764000835394433,
  "icvs_wm": 0.36851936065354707,
  "inu_med": 1.311204195022583,
  "inu_range": 0.5045111775398254,
  "provenance": {
    "md5sum": "4a8e81cd15e11ca4d281cf3a2129e79a",
    "mriqc_pred": 0,
    "settings": {
      "testing": false
    },
    "software": "mriqc",
    "version": "0.9.6",
    "warnings": {
      "large_rot_frame": true,
      "small_air_mask": false
    }
  },
  "qi_1": 0.0,
  "qi_2": 2.312575383618155e-06,
  "rpve_csf": 17.147606698096794,
  "rpve_gm": 10.937204330397897,
  "rpve_wm": 15.165749246170371,
  "size_x": 160,
  "size_y": 256,
  "size_z": 256,
  "snr_csf": 0.7346598973926728,
  "snr_gm": 7.011666151841508,
  "snr_total": 8.115971891409345,
  "snr_wm": 16.60158962499385,
  "snrd_csf": 21.31650848956069,
  "snrd_gm": 53.3668110956492,
  "snrd_total": 55.38571597708661,
  "snrd_wm": 91.47382834604994,
  "spacing_x": 1.0,
  "spacing_y": 0.9375,
  "spacing_z": 0.9375,
  "summary_bg_k": 1409.335931761184,
  "summary_bg_mad": 7.162116050720215,
  "summary_bg_mean": 10.977290153503418,
  "summary_bg_median": 9.561134338378906,
  "summary_bg_n": 507803.0,
  "summary_bg_p05": 0.0,
  "summary_bg_p95": 29.909265327453557,
  "summary_bg_stdv": 19.537851333618164,
  "summary_csf_k": 55.24715628537694,
  "summary_csf_mad": 107.412353515625,
  "summary_csf_mean": 259.0424499511719,
  "summary_csf_median": 233.03744506835938,
  "summary_csf_n": 10608.0,
  "summary_csf_p05": 47.02625770568848,
  "summary_csf_p95": 398.083528137207,
  "summary_csf_stdv": 317.1895751953125,
  "summary_gm_k": 0.24652885181633266,
  "summary_gm_mad": 80.84471893310547,
  "summary_gm_mean": 584.0350952148438,
  "summary_gm_median": 583.41943359375,
  "summary_gm_n": 17488.0,
  "summary_gm_p05": 448.891325378418,
  "summary_gm_p95": 725.329800415039,
  "summary_gm_stdv": 83.20458221435547,
  "summary_wm_k": 1.4735742368494078,
  "summary_wm_mad": 52.14653396606445,
  "summary_wm_mean": 997.980712890625,
  "summary_wm_median": 1000.0149536132812,
  "summary_wm_n": 244711.0,
  "summary_wm_p05": 895.1780395507812,
  "summary_wm_p95": 1090.944580078125,
  "summary_wm_stdv": 60.2359733581543,
  "tpm_overlap_csf": 0.2023945450782776,
  "tpm_overlap_gm": 0.4758288264274597,
  "tpm_overlap_wm": 0.5651146769523621,
  "wm2max": 0.5232179828940112
}