{
  "bids_meta": {
    "modality": "T1w",
    "subject_id": "00"
  },
  "cjv": 0.2811032603142589,
  "cnr": 4.358039696971573,
  "efc": 0.7062812535113796,
  "fber": 2143.282958984375,
  "fwhm_avg": 4.053206222222222,
  "fwhm_x": 4.01308,
  "fwhm_y": 4.403104,
  "fwhm_z": 3.7434346666666665,
  "icvs_csf": 0.2946158423536307,
  "icvs_gm": 0.32938271504368966,
  "icvs_wm": 0.37600144260267965,
  "inu_med": 1.4179836511611938,
  "inu_range": 0.5108825445175169,
  "provenance": {
    "md5sum": "ed9f4129aaa1a65daeef7f74668b5a26",
    "mriqc_pred": 0,
    "settings": {
      "testing": false
    },
    "software": "mriqc",
    "version": "0.9.6",
    "warnings": {
      "large_rot_frame": true,
      "small_air_mask": false
    }
  },
  "qi_1": 0.0,
  "qi_2": 2.239961631440581e-06,
  "rpve_csf": 18.72398739833362,
  "rpve_gm": 13.899171790435062,
  "rpve_wm": 17.629383334658478,
  "size_x": 160,
  "size_y": 256,
  "size_z": 256,
  "snr_csf": 2.3895249434620447,
  "snr_gm": 7.604460465329267,
  "snr_total": 9.629692837646447,
  "snr_wm": 18.895093104148025,
  "snrd_csf": 23.585196202876517,
  "snrd_gm": 57.69486102973267,
  "snrd_total": 59.80977325983025,
  "snrd_wm": 98.14926254688157,
  "spacing_x": 1.0,
  "spacing_y": 0.9375,
  "spacing_z": 0.9375,
  "summary_bg_k": 107.19341548195744,
  "summary_bg_mad": 6.674898624420166,
  "summary_bg_mean": 10.57721996307373,
  "summary_bg_median": 8.730630874633789,
  "summary_bg_n": 545139.0,
  "summary_bg_p05": 0.0,
  "summary_bg_p95": 29.86852111816406,
  "summary_bg_stdv": 13.013486862182617,
  "summary_csf_k": 0.12856471862347885,
  "summary_csf_mad": 96.38591003417969,
  "summary_csf_mean": 229.07325744628906,
  "summary_csf_median": 240.2992706298828,
  "summary_csf_n": 11555.0,
  "summary_csf_p05": 49.79659004211426,
  "summary_csf_p95": 377.9859680175781,
  "summary_csf_stdv": 100.55926513671875,
  "summary_gm_k": 0.649575910047119,
  "summary_gm_mad": 69.58882904052734,
  "summary_gm_mean": 586.8277587890625,
  "summary_gm_median": 587.8277587890625,
  "summary_gm_n": 8255.0,
  "summary_gm_p05": 460.18296813964844,
  "summary_gm_p95": 715.7528137207031,
  "summary_gm_stdv": 77.29570770263672,
  "summary_wm_k": 1.3005412608428513,
  "summary_wm_mad": 46.274131774902344,
  "summary_wm_mean": 998.1961059570312,
  "summary_wm_median": 1000.0,
  "summary_wm_n": 217828.0,
  "summary_wm_p05": 908.1510437011718,
  "summary_wm_p95": 1080.6448608398437,
  "summary_wm_stdv": 52.92367172241211,
  "tpm_overlap_csf": 0.18628334999084473,
  "tpm_overlap_gm": 0.4349815547466278,
  "tpm_overlap_wm": 0.5879031419754028,
  "wm2max": 0.5956782868045531
}