{
  "bids_meta": {
    "modality": "T1w",
    "subject_id": "07"
  },
  "cjv": 0.3187923832796129,
  "cnr": 4.040167569967208,
  "efc": 0.708492802673833,
  "fber": 2593.062255859375,
  "fwhm_avg": 3.921044,
  "fwhm_x": 3.7695,
  "fwhm_y": 4.289472,
  "fwhm_z": 3.70416,
  "icvs_csf": 0.24725075734762064,
  "icvs_gm": 0.380575491727432,
  "icvs_wm": 0.37217375092494737,
  "inu_med": 1.268196702003479,
  "inu_range": 0.4403639316558836,
  "provenance": {
    "md5sum": "1c7bce455045f92af5bbfff0504d5fd3",
    "mriqc_pred": 0,
    "settings": {
      "testing": false
    },
    "software": "mriqc",
    "version": "0.9.6",
    "warnings": {
      "large_rot_frame": true,
      "small_air_mask": false
    }
  },
  "qi_1": 0.0,
  "qi_2": 4.094572516599048e-06,
  "rpve_csf": 19.71606218207966,
  "rpve_gm": 12.187455445005222,
  "rpve_wm": 16.818812843793705,
  "size_x": 160,
  "size_y": 256,
  "size_z": 256,
  "snr_csf": 2.085902989551786,
  "snr_gm": 7.017491745647585,
  "snr_total": 8.939525525157569,
  "snr_wm": 17.715181840273335,
  "snrd_csf": 21.845587624363766,
  "snrd_gm": 53.514197532772016,
  "snrd_total": 55.405505514863954,
  "snrd_wm": 90.85673138745608,
  "spacing_x": 1.0,
  "spacing_y": 0.9375,
  "spacing_z": 0.9375,
  "summary_bg_k": 8.708484307083737,
  "summary_bg_mad": 7.210691452026367,
  "summary_bg_mean": 11.598491668701172,
  "summary_bg_median": 9.423807144165039,
  "summary_bg_n": 482911.0,
  "summary_bg_p05": 0.0,
  "summary_bg_p95": 32.645376205444336,
  "summary_bg_stdv": 10.878043174743652,
  "summary_csf_k": 0.5405100460129666,
  "summary_csf_mad": 117.06250762939453,
  "summary_csf_mean": 232.40545654296875,
  "summary_csf_median": 240.44122314453125,
  "summary_csf_n": 8227.0,
  "summary_csf_p05": 48.44725799560547,
  "summary_csf_p95": 412.0190063476562,
  "summary_csf_stdv": 115.26260375976562,
  "summary_gm_k": 0.13977085686868174,
  "summary_gm_mad": 81.08206939697266,
  "summary_gm_mean": 588.5125732421875,
  "summary_gm_median": 588.99853515625,
  "summary_gm_n": 13352.0,
  "summary_gm_p05": 452.2971649169922,
  "summary_gm_p95": 729.3480041503905,
  "summary_gm_stdv": 83.92977142333984,
  "summary_wm_k": 1.2520066263840324,
  "summary_wm_mad": 49.94375991821289,
  "summary_wm_mean": 997.9752197265625,
  "summary_wm_median": 1000.0053100585938,
  "summary_wm_n": 213798.0,
  "summary_wm_p05": 900.5451385498047,
  "summary_wm_p95": 1085.76953125,
  "summary_wm_stdv": 56.44892501831055,
  "tpm_overlap_csf": 0.2016979455947876,
  "tpm_overlap_gm": 0.47777295112609863,
  "tpm_overlap_wm": 0.5595376491546631,
  "wm2max": 0.5204086565400375
}