{
  "bids_meta": {
    "modality": "T1w",
    "subject_id": "08"
  },
  "cjv": 0.28933940255120794,
  "cnr": 4.391713719319236,
  "efc": 0.7555316451682033,
  "fber": 1294.1773681640625,
  "fwhm_avg": 4.018679555555555,
  "fwhm_x": 3.90566,
  "fwhm_y": 4.4616213333333326,
  "fwhm_z": 3.688757333333333,
  "icvs_csf": 0.2394298368271155,
  "icvs_gm": 0.401534755893386,
  "icvs_wm": 0.3590354072794985,
  "inu_med": 1.1900542974472046,
  "inu_range": 0.4246206283569336,
  "provenance": {
    "md5sum": "9d4453960f2395a589be9ea41f6376dd",
    "mriqc_pred": 0,
    "settings": {
      "testing": false
    },
    "software": "mriqc",
    "version": "0.9.6",
    "warnings": {
      "large_rot_frame": true,
      "small_air_mask": true
    }
  },
  "qi_1": 0.0,
  "qi_2": 2.244003032587685e-06,
  "rpve_csf": 19.079698719058655,
  "rpve_gm": 11.191543585729542,
  "rpve_wm": 16.490406917792594,
  "size_x": 160,
  "size_y": 256,
  "size_z": 256,
  "snr_csf": 0.9122560830384705,
  "snr_gm": 7.610684831232237,
  "snr_total": 8.775851174710287,
  "snr_wm": 17.80461260986015,
  "snrd_csf": 17.014841340740972,
  "snrd_gm": 45.970966747163196,
  "snrd_total": 47.4007904666307,
  "snrd_wm": 79.21656331198795,
  "spacing_x": 1.0,
  "spacing_y": 0.9375,
  "spacing_z": 0.9375,
  "summary_bg_k": 196.33719990895682,
  "summary_bg_mad": 8.270196914672852,
  "summary_bg_mean": 12.931925773620605,
  "summary_bg_median": 10.17963695526123,
  "summary_bg_n": 163851.0,
  "summary_bg_p05": 0.0,
  "summary_bg_p95": 31.534701347351074,
  "summary_bg_stdv": 12.799114227294922,
  "summary_csf_k": 90.39429940211173,
  "summary_csf_mad": 133.97708129882812,
  "summary_csf_mean": 220.0922088623047,
  "summary_csf_median": 214.78900146484375,
  "summary_csf_n": 4960.0,
  "summary_csf_p05": 35.77410697937012,
  "summary_csf_p95": 379.347900390625,
  "summary_csf_stdv": 235.42440795898438,
  "summary_gm_k": 0.23144276020664423,
  "summary_gm_mad": 72.63502502441406,
  "summary_gm_mean": 578.3280639648438,
  "summary_gm_median": 580.3203125,
  "summary_gm_n": 12737.0,
  "summary_gm_p05": 449.9192199707031,
  "summary_gm_p95": 701.9025390625,
  "summary_gm_stdv": 76.24774169921875,
  "summary_wm_k": 1.3935823747916247,
  "summary_wm_mad": 48.7949333190918,
  "summary_wm_mean": 995.974853515625,
  "summary_wm_median": 1000.0003051757812,
  "summary_wm_n": 209396.0,
  "summary_wm_p05": 896.3516845703125,
  "summary_wm_p95": 1079.6982727050781,
  "summary_wm_stdv": 56.165103912353516,
  "tpm_overlap_csf": 0.19960200786590576,
  "tpm_overlap_gm": 0.4879505932331085,
  "tpm_overlap_wm": 0.5494174957275391,
  "wm2max": 0.5135136290957184
}